{
  "train_acc_mean": 0.8675649999999999,
  "train_acc_std": 0.021254405735232747,
  "val_acc_mean": 0.86097,
  "val_acc_std": 0.038184884030477984,
  "test_acc_mean": 0.8404149999999999,
  "test_acc_std": 0.054251027397499235,
  "test_f1_weighted_mean": 0.837725,
  "test_f1_weighted_std": 0.05674558990515659,
  "test_f1_macro_mean": 0.7612099999999999,
  "test_f1_macro_std": 0.06654111431841851,
  "test_F1_Wake_mean": 0.9029799999999998,
  "test_F1_Wake_std": 0.06948429281045049,
  "test_F1_N1_mean": 0.40439499999999995,
  "test_F1_N1_std": 0.1431468200099023,
  "test_F1_N2_mean": 0.8699350000000001,
  "test_F1_N2_std": 0.048315523004081144,
  "test_F1_N3_mean": 0.8146350000000002,
  "test_F1_N3_std": 0.1320247754859112,
  "test_F1_REM_mean": 0.8141149999999999,
  "test_F1_REM_std": 0.07924364344422705
}